clip_id,interaction_id,type,start_sec,end_sec,start_frame,end_frame,person,vehicle,notes
1THkHYIQ_bY_0,1,other,0.0,4.2,0,126,"male, gray shirt, dark pants, dark hair","private car, gray/silver at night","Removing car cover (contact 0-4.2s). Then cover catches on undercarriage, untangles, walks off carrying it (not counted). Counts only under broad scope."
gt1125_06,1,enter,6.41,10.01,192,300,"male, gray/brown shirt, white shorts (left of pair)","white SUV with black roof, parked parallel to road (illegal)","Reaches car f192, fully inside f300. Drone/aerial daytime, 4K."
gt1125_06,2,enter,7.61,17.22,228,516,"male, black shirt, light shorts (right of pair)","black SUV, parked legally, perpendicular to road","Reaches car f228, closes door f516. Drone/aerial daytime, 4K."
HIu4lM4B8hA_1,1,exit,0.0,7.44,0,186,"female (the driver)","parked car, viewed from rear; grayscale, color N/A","Gets out (leaves door open) then walks around and touches car - single contact window f0-f186 from rear angle (merges exit + other). Fixed grayscale CCTV."
HIu4lM4B8hA_1,2,enter,3.6,4.32,90,108,"male, enters from left","same car","In through open door f90-f108, not visible inside by ~f108. End approximate, tune vs model. Overlaps #1."
iMGR_0AG3a8_2_3,1,exit,0.0,27.15,0,181,"woman in white","white car, viewed from left","Merged exit+trunk+rear-door: exits driver side (f0), opens trunk for stroller, opens rear door and takes out child - box never separates, single contact window f0-f181 (runs to clip end, jump-cut at f100). Indoor ceiling CCTV, RGB."
iMGR_0AG3a8_2_3,2,exit,19.20,19.80,128,132,"woman in dark clothing","black car, stops mid-lot","Gets out f128-f132; car drives away (driver stays inside, not counted). Overlaps #1."
mKzCQKTHizw_0,1,enter,9.08,9.98,272,299,"woman, gray top, khaki pants","gray car, right side, partially out of frame","Reaches open door f272 and gets in; clip ends f299 (truncated). Moving/PTZ CCTV, egomotion. Same scene as mKzCQKTHizw_1."
mKzCQKTHizw_1,1,enter,4.50,6.24,135,187,"woman (running; likely same person as clip 5)","gray car, heavily cut off at top of frame","Door opens ~2s (no person visible, not logged); runs in, box first overlaps car f135, inside/door closed by f187. Moving/PTZ camera. Same scene as mKzCQKTHizw_0."
NmlzoaDcOuI_1,1,exit,2.17,5.33,13,32,"woman, short hair, white shirt, dark pants","gray car, behind-right view (passenger door)","Exits passenger side (f13); box stays on car as she walks around back, separates when she leaves frame f32. Fixed elevated color CCTV, low fps."
NmlzoaDcOuI_1,2,exit,12.0,16.67,72,100,"woman, long hair","same car (driver door)","Exits driver door f72, walks around front, box separates f100. Driver swap, overlaps #3."
NmlzoaDcOuI_1,3,enter,11.0,12.83,66,77,"woman, short hair (same as #1)","same car (driver door)","Enters driver door f66-f77, not visible inside by f77. In parallel with #2 (driver swap)."
NmlzoaDcOuI_6,1,exit,0.0,7.0,0,42,"man, green shirt, dark pants","red car, behind-right view","Exiting at clip start (f0); box stays on car through door-close (~f30), separates when he walks away f42. Same camera/scene as NmlzoaDcOuI_1."
