frame,time_seconds,track_id,object_class,x1,y1,x2,y2,confidence
0,0.0,1,car,0.5594482421875,146.38748168945312,602.1060791015625,501.3284606933594,0.930379331111908
0,0.0,2,person,354.7174987792969,109.0262451171875,478.2851257324219,457.739990234375,0.9040544033050537
0,0.0,3,car,0.530517578125,10.09716796875,254.49778747558594,145.25514221191406,0.8973556160926819
0,0.0,4,person,1253.077880859375,8.025726318359375,1279.642333984375,185.00830078125,0.783822774887085
0,0.0,5,person,1052.107666015625,0.4817771911621094,1083.571044921875,52.520572662353516,0.7607378959655762
0,0.0,6,person,1129.1500244140625,0.6492919921875,1171.5047607421875,59.46763610839844,0.450208842754364
1,0.16666666666666666,1,car,0.8092669248580933,145.321044921875,607.1035766601562,500.95953369140625,0.9436014294624329
1,0.16666666666666666,2,person,355.9901428222656,100.47868347167969,488.877685546875,457.4952087402344,0.8987498879432678
1,0.16666666666666666,3,car,0.4862477779388428,10.114359855651855,280.3220520019531,141.81942749023438,0.9218266010284424
1,0.16666666666666666,4,person,1236.8494873046875,3.1515557765960693,1279.7596435546875,190.55966186523438,0.8940126895904541
1,0.16666666666666666,5,person,1051.7193603515625,0.47107115387916565,1087.514892578125,54.84653091430664,0.7906462550163269
1,0.16666666666666666,6,person,1145.253173828125,0.6681827902793884,1180.8629150390625,59.762413024902344,0.6228635311126709
2,0.3333333333333333,1,car,0.15738752484321594,145.3480987548828,607.304443359375,501.7568359375,0.9235633015632629
2,0.3333333333333333,2,person,372.122314453125,98.59260559082031,511.546142578125,455.4212341308594,0.8999685645103455
2,0.3333333333333333,3,car,0.2711745798587799,4.306729316711426,304.00189208984375,136.9989013671875,0.9237530827522278
2,0.3333333333333333,4,person,1227.8984375,1.5584218502044678,1279.6014404296875,195.25901794433594,0.9048511385917664
2,0.3333333333333333,5,person,1053.982177734375,0.3583545684814453,1091.4639892578125,55.88145065307617,0.8086169362068176
2,0.3333333333333333,6,person,1134.65869140625,0.6273074150085449,1168.7110595703125,58.64383316040039,0.7897977828979492
2,0.3333333333333333,9,person,1012.1719970703125,0.074053093791008,1032.500244140625,28.463836669921875,0.38870272040367126
3,0.5,1,car,0.03530428931117058,145.5624237060547,606.9179077148438,502.7685852050781,0.9305686950683594
3,0.5,2,person,394.4389343261719,100.37860107421875,513.4652709960938,454.24896240234375,0.88578861951828
3,0.5,3,car,0.5485478043556213,0.4948338270187378,328.6976013183594,132.2417449951172,0.9362987875938416
3,0.5,4,person,1214.335693359375,1.2702356576919556,1279.8201904296875,198.60121154785156,0.9222486019134521
3,0.5,5,person,1055.8795166015625,0.4773300588130951,1097.68359375,59.36662292480469,0.7213194966316223
3,0.5,6,person,1130.7305908203125,0.6569914221763611,1167.511962890625,58.66934585571289,0.7959398031234741
3,0.5,10,person,1174.5576171875,0.6588699817657471,1212.9727783203125,68.12260437011719,0.8055269122123718
4,0.6666666666666666,1,car,0.4268251955509186,146.32028198242188,606.95166015625,502.2742614746094,0.9225423336029053
4,0.6666666666666666,2,person,417.1465148925781,99.61709594726562,511.6448974609375,457.08331298828125,0.8468462824821472
4,0.6666666666666666,3,car,0.5510398745536804,0.0,352.1767272949219,128.2586212158203,0.9342303276062012
4,0.6666666666666666,4,person,1208.30810546875,0.6022604703903198,1279.7630615234375,206.79209899902344,0.901969313621521
4,0.6666666666666666,5,person,1064.499267578125,0.6972968578338623,1106.02392578125,60.493751525878906,0.7913336753845215
4,0.6666666666666666,6,person,1136.5567626953125,0.655249297618866,1171.82275390625,62.55851364135742,0.8073087334632874
5,0.8333333333333334,1,car,0.03515704348683357,147.32740783691406,607.8076782226562,502.584228515625,0.9419719576835632
5,0.8333333333333334,2,person,417.5652770996094,102.06251525878906,550.37548828125,462.36712646484375,0.9247365593910217
5,0.8333333333333334,3,car,0.6576754450798035,0.0,373.74188232421875,125.44281768798828,0.9398760199546814
5,0.8333333333333334,4,person,1204.1378173828125,0.8042545914649963,1279.8172607421875,210.60975646972656,0.9179977178573608
5,0.8333333333333334,5,person,1072.2816162109375,0.7237288355827332,1110.303466796875,63.98726272583008,0.4585692882537842
5,0.8333333333333334,6,person,1140.9781494140625,0.5305397510528564,1178.663818359375,64.73662567138672,0.7345214486122131
6,1.0,1,car,0.0,147.85791015625,608.0531005859375,502.0542297363281,0.9424825310707092
6,1.0,2,person,419.53228759765625,102.95614624023438,560.7451782226562,464.15069580078125,0.9249110817909241
6,1.0,3,car,0.7706398963928223,0.0,381.3872985839844,124.67050170898438,0.9389474391937256
6,1.0,4,person,1202.4925537109375,0.9183318614959717,1279.6796875,211.7552490234375,0.9187368154525757
6,1.0,5,person,1074.8775634765625,0.7244181036949158,1111.4375,65.19021606445312,0.4656302332878113
6,1.0,6,person,1142.258056640625,0.47845542430877686,1180.7872314453125,65.5052261352539,0.7273760437965393
6,1.0,16,person,1076.2738037109375,0.4509037733078003,1109.783203125,40.55156707763672,0.3050166070461273
7,1.1666666666666667,1,car,0.20277948677539825,148.14553833007812,608.820556640625,501.7250061035156,0.945354700088501
7,1.1666666666666667,2,person,406.9814453125,106.74102783203125,595.3025512695312,467.15130615234375,0.9218292236328125
7,1.1666666666666667,3,car,0.5391947627067566,0.0,394.9632263183594,123.03375244140625,0.9439741373062134
7,1.1666666666666667,4,person,1192.724365234375,0.7184232473373413,1279.653076171875,215.92184448242188,0.9298946261405945
7,1.1666666666666667,5,person,1079.7186279296875,0.6736072301864624,1117.6717529296875,67.4088363647461,0.7974683046340942
7,1.1666666666666667,6,person,1145.5206298828125,0.6843625903129578,1189.0775146484375,68.30990600585938,0.8709281086921692
8,1.3333333333333333,1,car,0.3797527849674225,148.0886993408203,607.911376953125,501.7838439941406,0.9386250972747803
8,1.3333333333333333,2,person,394.0367736816406,107.68992614746094,603.8552856445312,467.4868469238281,0.9292889833450317
8,1.3333333333333333,3,car,0.17595389485359192,0.0,410.0978698730469,120.90435791015625,0.9439815282821655
8,1.3333333333333333,4,person,1180.53369140625,0.9995236396789551,1276.845703125,222.494384765625,0.9192299842834473
8,1.3333333333333333,5,person,1083.0621337890625,0.5798084735870361,1125.2100830078125,68.59101104736328,0.7597242593765259
8,1.3333333333333333,6,person,1153.9425048828125,0.6538844108581543,1197.8914794921875,69.93843841552734,0.8510757088661194
8,1.3333333333333333,18,person,1026.3323974609375,0.23414501547813416,1054.6767578125,42.566650390625,0.6714594960212708
9,1.5,1,car,0.09150107204914093,148.40478515625,600.0816040039062,501.9765930175781,0.927971363067627
9,1.5,2,person,381.6705627441406,109.16995239257812,600.49267578125,470.5036926269531,0.9302935600280762
9,1.5,3,car,7.671099662780762,0.0,425.5011291503906,119.50137329101562,0.9389721155166626
9,1.5,4,person,1170.5875244140625,0.8350738286972046,1271.3619384765625,225.70310974121094,0.9018059372901917
9,1.5,5,person,1087.265380859375,0.6103184819221497,1135.6923828125,72.80888366699219,0.7640631198883057
9,1.5,10,person,1174.3759765625,0.4551381468772888,1209.25048828125,76.97802734375,0.4648277163505554
9,1.5,18,person,1036.87890625,0.45962095260620117,1066.3533935546875,46.18095397949219,0.6267217397689819
10,1.6666666666666667,1,car,0.5527298450469971,148.2720184326172,585.6079711914062,501.9096984863281,0.9407795071601868
10,1.6666666666666667,2,person,367.4496154785156,117.9067153930664,584.5723266601562,470.8422546386719,0.9396255016326904
10,1.6666666666666667,3,car,24.12405014038086,0.8980424404144287,440.4936828613281,116.98005676269531,0.9403300285339355
10,1.6666666666666667,4,person,1169.899658203125,4.63743782043457,1273.974365234375,234.6521759033203,0.921149492263794
10,1.6666666666666667,5,person,1095.939208984375,0.713818371295929,1144.4827880859375,75.1535873413086,0.7957136034965515
10,1.6666666666666667,18,person,1050.5172119140625,0.5071343183517456,1077.848876953125,42.76190948486328,0.5126504302024841
11,1.8333333333333333,1,car,0.20593322813510895,148.12522888183594,575.9967651367188,501.6267395019531,0.9439444541931152
11,1.8333333333333333,2,person,351.0556640625,135.15248107910156,560.8969116210938,472.9840087890625,0.9233722686767578
11,1.8333333333333333,3,car,43.4635124206543,1.241098403930664,454.0574035644531,113.77764892578125,0.9472857117652893
11,1.8333333333333333,4,person,1169.8677978515625,6.6140265464782715,1274.0701904296875,240.0308074951172,0.9158529043197632
11,1.8333333333333333,5,person,1105.890869140625,0.994761049747467,1149.611572265625,78.60768127441406,0.6826836466789246
11,1.8333333333333333,18,person,1057.94677734375,0.33822622895240784,1091.35986328125,48.33168411254883,0.5651228427886963
11,1.8333333333333333,20,person,1255.623291015625,0.8587631583213806,1279.759033203125,89.98566436767578,0.7374194860458374
12,2.0,1,car,0.08199881762266159,148.1213836669922,572.5420532226562,501.4679870605469,0.9448825716972351
12,2.0,2,person,344.369140625,141.4959716796875,550.7999267578125,473.6680603027344,0.9238171577453613
12,2.0,3,car,50.81216049194336,1.5564148426055908,458.56964111328125,112.78022003173828,0.9471234679222107
12,2.0,4,person,1169.921875,7.3368048667907715,1273.9547119140625,241.74339294433594,0.9155746698379517
12,2.0,5,person,1109.377685546875,0.9987273812294006,1150.88623046875,79.75961303710938,0.6991190910339355
12,2.0,18,person,1060.3641357421875,0.21524478495121002,1095.423583984375,49.93687438964844,0.5587896108627319
12,2.0,20,person,1256.216552734375,0.805065393447876,1279.6719970703125,90.55683898925781,0.7385320067405701
13,2.1666666666666665,1,car,0.0,148.3535919189453,572.2973022460938,502.3440856933594,0.8832173943519592
13,2.1666666666666665,2,person,334.3905944824219,148.43447875976562,535.8056640625,474.11669921875,0.9262872934341431
13,2.1666666666666665,3,car,64.91357421875,1.057463526725769,468.1267395019531,109.56140899658203,0.9457957744598389
13,2.1666666666666665,4,person,1168.2255859375,3.785278081893921,1271.51806640625,246.22125244140625,0.9061388969421387
13,2.1666666666666665,5,person,1116.11572265625,0.9942563772201538,1158.6204833984375,83.80918884277344,0.6990213394165039
13,2.1666666666666665,18,person,1062.179931640625,0.1953650712966919,1103.6036376953125,53.176658630371094,0.7655891180038452
13,2.1666666666666665,20,person,1264.7156982421875,0.8525047898292542,1279.7811279296875,93.26050567626953,0.5029827356338501
14,2.3333333333333335,1,car,0.0753244161605835,147.54603576660156,571.3500366210938,501.8173522949219,0.9568569660186768
14,2.3333333333333335,2,person,331.7047424316406,158.02041625976562,527.8060302734375,475.5797119140625,0.9063924551010132
14,2.3333333333333335,3,car,81.4399185180664,0.8826923370361328,478.88043212890625,107.31976318359375,0.9413694143295288
14,2.3333333333333335,4,person,1163.8382568359375,3.221877336502075,1271.603271484375,253.08023071289062,0.8899022340774536
14,2.3333333333333335,5,person,1122.152099609375,0.8502779603004456,1173.94970703125,85.13190460205078,0.7636643052101135
14,2.3333333333333335,18,person,1069.752197265625,0.18802091479301453,1108.389404296875,54.731441497802734,0.8231698870658875
15,2.5,1,car,0.0,148.1682891845703,573.0232543945312,501.6131591796875,0.9378050565719604
15,2.5,2,person,328.0684814453125,162.5476837158203,512.685791015625,476.98638916015625,0.9191661477088928
15,2.5,3,car,97.8482666015625,0.9866204857826233,489.3140563964844,104.2332534790039,0.9414799213409424
15,2.5,4,person,1166.55078125,4.266173362731934,1275.394775390625,257.06536865234375,0.9084336161613464
15,2.5,5,person,1128.4146728515625,0.5988235473632812,1182.4989013671875,88.6755142211914,0.8443180322647095
15,2.5,18,person,1081.331298828125,0.33892300724983215,1112.3240966796875,56.9028205871582,0.7152106165885925
16,2.6666666666666665,1,car,0.0,148.36154174804688,573.685791015625,501.1679382324219,0.9377555847167969
16,2.6666666666666665,2,person,326.33489990234375,162.13034057617188,503.43115234375,479.874755859375,0.9321276545524597
16,2.6666666666666665,3,car,114.59842681884766,1.0394723415374756,500.0257873535156,101.83744049072266,0.9415552020072937
16,2.6666666666666665,4,person,1175.87158203125,2.8420979976654053,1278.044921875,260.49847412109375,0.9170591831207275
16,2.6666666666666665,5,person,1139.0416259765625,0.8465938568115234,1193.151123046875,90.6766357421875,0.8255228996276855
16,2.6666666666666665,18,person,1088.238525390625,0.45555195212364197,1119.3857421875,60.52729034423828,0.7268946170806885
17,2.8333333333333335,1,car,0.0,148.18544006347656,573.9909057617188,501.3972473144531,0.9265995025634766
17,2.8333333333333335,2,person,325.33258056640625,156.77305603027344,500.1857604980469,485.0644226074219,0.9346297979354858
17,2.8333333333333335,3,car,129.3636932373047,0.8305354118347168,510.1380310058594,99.76671600341797,0.9383674263954163
17,2.8333333333333335,4,person,1184.70703125,11.040096282958984,1279.1234130859375,269.1534423828125,0.8808861374855042
17,2.8333333333333335,5,person,1142.3509521484375,0.35889074206352234,1207.1285400390625,94.38813781738281,0.604134738445282
17,2.8333333333333335,18,person,1091.8896484375,0.523824155330658,1127.5343017578125,62.14299392700195,0.7573578953742981
18,3.0,1,car,0.05376080051064491,148.58322143554688,574.0814819335938,501.8731994628906,0.9245904684066772
18,3.0,2,person,325.11920166015625,154.65516662597656,499.0224914550781,487.0736999511719,0.9335198998451233
18,3.0,3,car,134.67440795898438,0.7473854422569275,513.4115600585938,99.12627410888672,0.938348650932312
18,3.0,4,person,1188.2772216796875,15.23326301574707,1279.4954833984375,272.39788818359375,0.8824212551116943
18,3.0,5,person,1143.380126953125,0.2450495809316635,1211.9061279296875,95.83272552490234,0.5909137725830078
18,3.0,18,person,1093.2579345703125,0.6322340369224548,1130.4825439453125,62.76991271972656,0.7519953846931458
18,3.0,21,person,1233.5340576171875,1.2199270725250244,1279.7587890625,75.36869049072266,0.343060165643692
19,3.1666666666666665,1,car,0.45652279257774353,147.9461669921875,573.9642333984375,501.4169616699219,0.9420173764228821
19,3.1666666666666665,2,person,325.8558654785156,147.87713623046875,497.7572326660156,487.0715026855469,0.9372043609619141
19,3.1666666666666665,3,car,144.95462036132812,0.9904283285140991,520.2916259765625,98.02206420898438,0.93714439868927
19,3.1666666666666665,4,person,1220.2572021484375,32.100128173828125,1279.8505859375,274.95989990234375,0.7743381261825562
19,3.1666666666666665,5,person,1154.9237060546875,0.644512414932251,1215.206298828125,99.44615936279297,0.41658371686935425
19,3.1666666666666665,18,person,1095.97216796875,0.5663111805915833,1136.876220703125,66.56908416748047,0.8200368285179138
19,3.1666666666666665,21,person,1239.592529296875,1.0782603025436401,1279.9442138671875,82.7656478881836,0.48919036984443665
20,3.3333333333333335,1,car,0.37304434180259705,147.677734375,574.2724609375,501.5712890625,0.9548085331916809
20,3.3333333333333335,2,person,329.96759033203125,138.69151306152344,491.5640869140625,486.4930725097656,0.9200732707977295
20,3.3333333333333335,3,car,157.9060516357422,0.9145509600639343,527.7996826171875,96.26742553710938,0.9369161128997803
20,3.3333333333333335,4,person,1231.3795166015625,63.76493835449219,1279.9010009765625,274.9023742675781,0.8108100891113281
20,3.3333333333333335,5,person,1158.181884765625,0.5121756792068481,1224.7606201171875,101.3268814086914,0.6240363121032715
20,3.3333333333333335,18,person,1099.7159423828125,0.6638906002044678,1143.3797607421875,68.76768493652344,0.8417259454727173
20,3.3333333333333335,21,person,1238.8790283203125,1.3680752515792847,1279.7926025390625,97.84201049804688,0.8153795599937439
21,3.5,1,car,0.0770542100071907,147.52468872070312,575.1968383789062,501.111572265625,0.9598714113235474
21,3.5,2,person,332.1824645996094,129.3640594482422,482.70391845703125,486.7450866699219,0.9117510318756104
21,3.5,3,car,170.54869079589844,1.1055625677108765,537.7129516601562,94.35118865966797,0.9384562373161316
21,3.5,5,person,1167.705810546875,0.7201560735702515,1230.5850830078125,104.00999450683594,0.8631242513656616
21,3.5,18,person,1109.21630859375,0.5144355893135071,1148.5269775390625,71.7193374633789,0.6270022392272949
21,3.5,21,person,1239.8773193359375,1.6527578830718994,1279.7916259765625,103.70227813720703,0.7324896454811096
22,3.6666666666666665,1,car,0.04780421406030655,147.36944580078125,575.3720703125,500.9692077636719,0.9560476541519165
22,3.6666666666666665,2,person,332.6183166503906,122.69734191894531,475.6815490722656,486.9557189941406,0.9172627329826355
22,3.6666666666666665,3,car,185.70123291015625,1.2738707065582275,548.2327270507812,92.41424560546875,0.937584400177002
22,3.6666666666666665,5,person,1177.127685546875,0.9952588081359863,1237.206298828125,107.39567565917969,0.8273714184761047
22,3.6666666666666665,18,person,1116.4888916015625,0.5029764175415039,1155.3687744140625,75.17205047607422,0.7498019337654114
22,3.6666666666666665,21,person,1240.8731689453125,1.583418607711792,1279.6666259765625,108.49844360351562,0.8167915940284729
23,3.8333333333333335,1,car,0.0,147.0938262939453,575.190185546875,500.7479248046875,0.9540472030639648
23,3.8333333333333335,2,person,327.2356262207031,118.58643341064453,481.6239013671875,486.6278076171875,0.9253621697425842
23,3.8333333333333335,3,car,200.8920440673828,1.2289955615997314,558.3622436523438,90.38928985595703,0.9364823698997498
23,3.8333333333333335,5,person,1178.58837890625,0.7067314386367798,1247.0784912109375,110.70597076416016,0.889092206954956
23,3.8333333333333335,18,person,1121.96240234375,0.42118915915489197,1161.9649658203125,75.58685302734375,0.7830912470817566
23,3.8333333333333335,21,person,1243.580078125,1.0740598440170288,1279.74267578125,111.2184066772461,0.8129653334617615
24,4.0,1,car,0.03612425550818443,147.10121154785156,575.1508178710938,500.66180419921875,0.9536171555519104
24,4.0,2,person,325.4235534667969,117.16478729248047,483.67901611328125,486.4469909667969,0.9253591299057007
24,4.0,3,car,206.20127868652344,1.3771673440933228,561.67822265625,89.8301010131836,0.9362423419952393
24,4.0,5,person,1178.9749755859375,0.6852513551712036,1250.486083984375,111.968994140625,0.8890236020088196
24,4.0,18,person,1123.6541748046875,0.491754949092865,1164.0499267578125,75.73011779785156,0.7818393707275391
24,4.0,21,person,1244.1845703125,0.965718686580658,1279.545654296875,112.02533721923828,0.8127579689025879
25,4.166666666666667,1,car,0.0635453537106514,146.98179626464844,574.4688110351562,501.13092041015625,0.9391708970069885
25,4.166666666666667,2,person,318.1793518066406,115.26874542236328,485.1971740722656,487.4762268066406,0.9098769426345825
25,4.166666666666667,3,car,218.77645874023438,1.288589596748352,570.8890380859375,88.77377319335938,0.9384741187095642
25,4.166666666666667,5,person,1174.9395751953125,0.5822821259498596,1251.445068359375,116.46578979492188,0.740574836730957
25,4.166666666666667,18,person,1126.34130859375,0.5764763355255127,1169.350830078125,79.01690673828125,0.7900350689888
25,4.166666666666667,21,person,1234.995849609375,0.9262369275093079,1279.7158203125,87.32713317871094,0.4798445701599121
26,4.333333333333333,1,car,0.030432213097810745,146.43606567382812,574.305908203125,501.3612060546875,0.9534894824028015
26,4.333333333333333,2,person,306.2374572753906,114.37933349609375,481.2781677246094,489.6414489746094,0.9165472388267517
26,4.333333333333333,3,car,233.8857879638672,1.2183715105056763,581.8994750976562,86.35050201416016,0.9422752261161804
26,4.333333333333333,5,person,1181.4488525390625,0.8759836554527283,1252.546875,117.9996566772461,0.8677508234977722
26,4.333333333333333,18,person,1129.736572265625,0.49947115778923035,1175.9613037109375,83.4838638305664,0.8601972460746765
26,4.333333333333333,21,person,1247.3004150390625,0.6921005249023438,1279.6546630859375,79.54579162597656,0.647715151309967
27,4.5,1,car,0.01967588998377323,145.8475341796875,575.9989624023438,501.1542663574219,0.9460288286209106
27,4.5,2,person,289.13861083984375,113.8500747680664,457.982666015625,490.5343322753906,0.9133287072181702
27,4.5,3,car,252.31309509277344,0.9262843728065491,594.5186767578125,83.74203491210938,0.9362324476242065
27,4.5,5,person,1194.9891357421875,0.9533106088638306,1258.9725341796875,122.899658203125,0.8502280712127686
27,4.5,18,person,1135.7518310546875,0.7691293954849243,1181.5028076171875,86.75548553466797,0.7930479049682617
27,4.5,21,person,1255.921875,0.7763345241546631,1279.626220703125,84.27377319335938,0.4659728407859802
28,4.666666666666667,1,car,0.055119749158620834,145.93011474609375,574.5508422851562,504.0799255371094,0.9466211199760437
28,4.666666666666667,2,person,275.1145935058594,113.36089324951172,433.7394104003906,492.62353515625,0.9057667851448059
28,4.666666666666667,3,car,270.2352600097656,0.9548555016517639,607.7900390625,81.16709899902344,0.9324270486831665
28,4.666666666666667,5,person,1204.2581787109375,0.7762984037399292,1264.9532470703125,125.67945861816406,0.8632059693336487
28,4.666666666666667,18,person,1142.7957763671875,0.8283613324165344,1186.2904052734375,91.11360931396484,0.6509289741516113
28,4.666666666666667,21,person,1261.6832275390625,1.140579104423523,1279.676025390625,86.90521240234375,0.434183806180954
28,4.666666666666667,25,car,0.07402481883764267,37.96149444580078,53.40298843383789,140.10940551757812,0.8885838389396667
29,4.833333333333333,1,car,0.0544520765542984,146.2345428466797,573.8707275390625,503.5804138183594,0.9556668996810913
29,4.833333333333333,2,person,265.3764343261719,114.35636138916016,424.11273193359375,493.35980224609375,0.9113890528678894
29,4.833333333333333,3,car,288.53271484375,0.532863974571228,621.5595092773438,77.94404602050781,0.9257612824440002
29,4.833333333333333,5,person,1203.4935302734375,0.9947072267532349,1273.133544921875,126.60635375976562,0.885768711566925
29,4.833333333333333,18,person,1147.63330078125,1.0524699687957764,1190.7301025390625,93.27506256103516,0.5339534282684326
29,4.833333333333333,25,car,0.17329423129558563,32.23941421508789,69.84117889404297,141.77117919921875,0.9117432832717896
30,5.0,1,car,0.09624029695987701,146.33932495117188,573.712158203125,503.61083984375,0.9556402564048767
30,5.0,2,person,262.4248352050781,114.88050842285156,420.7921142578125,493.4824523925781,0.9092326760292053
30,5.0,3,car,294.7957458496094,0.40311527252197266,626.2141723632812,76.89132690429688,0.9258604645729065
30,5.0,5,person,1203.282470703125,1.0982754230499268,1276.0904541015625,126.91387176513672,0.8853066563606262
30,5.0,18,person,1149.17822265625,1.2367358207702637,1192.1883544921875,94.07109069824219,0.4956500828266144
30,5.0,25,car,0.27110403776168823,29.98572540283203,76.92809295654297,142.45294189453125,0.9119091033935547
30,5.0,26,person,1118.4609375,0.40007254481315613,1190.0919189453125,93.3165283203125,0.36724597215652466
31,5.166666666666667,1,car,0.1268913447856903,146.45919799804688,573.4964599609375,503.51458740234375,0.9493127465248108
31,5.166666666666667,2,person,265.9974670410156,115.31746673583984,420.0356140136719,492.1138916015625,0.9137226343154907
31,5.166666666666667,3,car,310.2898864746094,0.5729799270629883,637.31494140625,74.53848266601562,0.923143208026886
31,5.166666666666667,5,person,1201.0511474609375,0.7577555775642395,1277.56982421875,129.69583129882812,0.8785964846611023
31,5.166666666666667,18,person,1151.2734375,1.0499333143234253,1197.8424072265625,97.77851867675781,0.7034196853637695
31,5.166666666666667,25,car,0.389242559671402,24.454328536987305,92.31166076660156,140.99285888671875,0.9121214151382446
32,5.333333333333333,1,car,0.13923758268356323,147.1288604736328,574.9259643554688,502.6219482421875,0.9535335302352905
32,5.333333333333333,2,person,280.08172607421875,116.43842315673828,425.5726318359375,492.5545349121094,0.945557713508606
32,5.333333333333333,3,car,329.6589660644531,0.8705968260765076,650.3572387695312,71.74773406982422,0.9240148663520813
32,5.333333333333333,5,person,1200.044677734375,1.0507943630218506,1280.0,128.37921142578125,0.8809545040130615
32,5.333333333333333,18,person,1155.5455322265625,0.8687135577201843,1205.3619384765625,101.4141845703125,0.8538212776184082
32,5.333333333333333,25,car,0.46827027201652527,19.177494049072266,110.16580200195312,138.67025756835938,0.9041638374328613
33,5.5,1,car,0.23366671800613403,147.04226684570312,574.5598754882812,502.08184814453125,0.95928955078125
33,5.5,2,person,292.5770263671875,121.12190246582031,431.8995361328125,493.3866882324219,0.8677896857261658
33,5.5,3,car,349.779541015625,0.9361122846603394,664.970947265625,68.13021850585938,0.929828405380249
33,5.5,5,person,1212.2952880859375,0.8794112801551819,1280.0,124.66909790039062,0.85781329870224
33,5.5,18,person,1159.4525146484375,0.7279358506202698,1212.182373046875,102.52094268798828,0.856853187084198
33,5.5,25,car,0.41803839802742004,12.617403030395508,128.68453979492188,135.52096557617188,0.899148166179657
34,5.666666666666667,1,car,0.3016190230846405,146.96609497070312,575.6101684570312,502.2182312011719,0.9694724678993225
34,5.666666666666667,2,person,324.9949035644531,123.05622863769531,443.09307861328125,490.7811584472656,0.7650445103645325
34,5.666666666666667,3,car,370.724365234375,1.0242648124694824,680.4714965820312,64.85175323486328,0.9105203151702881
34,5.666666666666667,5,person,1220.0198974609375,1.3373686075210571,1280.0,124.36151123046875,0.8776442408561707
34,5.666666666666667,18,person,1156.499755859375,0.9628056287765503,1219.5694580078125,106.81196594238281,0.5686677694320679
34,5.666666666666667,25,car,0.6124873161315918,4.855723857879639,146.9814910888672,132.09158325195312,0.9172332286834717
35,5.833333333333333,1,car,0.9297570586204529,147.9751434326172,575.01708984375,502.4816589355469,0.9593051075935364
35,5.833333333333333,2,person,356.17071533203125,127.27973937988281,476.53009033203125,489.2402038574219,0.8884785771369934
35,5.833333333333333,3,car,393.01495361328125,1.2767828702926636,696.6880493164062,61.417415618896484,0.9045426249504089
35,5.833333333333333,5,person,1222.643310546875,1.0923895835876465,1280.0,127.92311096191406,0.850604772567749
35,5.833333333333333,18,person,1168.2200927734375,0.9163326025009155,1225.2725830078125,109.48077392578125,0.7340324521064758
35,5.833333333333333,25,car,0.692562997341156,1.8897722959518433,165.09127807617188,129.58262634277344,0.9111066460609436
36,6.0,1,car,1.0710233449935913,148.36459350585938,574.7604370117188,502.653076171875,0.9595843553543091
36,6.0,2,person,365.812255859375,128.87838745117188,487.0085144042969,488.6944274902344,0.8885459899902344
36,6.0,3,car,400.4777526855469,1.3507741689682007,702.1253662109375,60.32027053833008,0.9043624997138977
36,6.0,5,person,1223.28759765625,1.0236313343048096,1280.0,129.15853881835938,0.8499075770378113
36,6.0,18,person,1173.1173095703125,0.8417109847068787,1227.185791015625,110.41287231445312,0.7358576655387878
36,6.0,25,car,0.6122073531150818,0.9836894869804382,172.5405731201172,128.676025390625,0.9114029407501221
37,6.166666666666667,1,car,1.7954843044281006,147.94778442382812,574.1166381835938,502.6331787109375,0.9480181932449341
37,6.166666666666667,2,person,369.8657531738281,131.16079711914062,537.1573486328125,487.5372009277344,0.9217897057533264
37,6.166666666666667,3,car,418.0513916015625,1.4513835906982422,713.8480224609375,57.108848571777344,0.9002267122268677
37,6.166666666666667,5,person,1221.576416015625,0.9537220001220703,1280.0,128.78567504882812,0.8821302652359009
37,6.166666666666667,18,person,1166.1688232421875,0.3290003836154938,1229.59716796875,112.86650085449219,0.8595379590988159
37,6.166666666666667,25,car,0.614554762840271,1.970327615737915,185.57554626464844,127.23916625976562,0.8989290595054626
38,6.333333333333333,1,car,1.3607479333877563,147.69822692871094,570.090576171875,501.9538269042969,0.8098261952400208
38,6.333333333333333,2,person,389.953369140625,123.36215209960938,559.85791015625,479.8513488769531,0.9171188473701477
38,6.333333333333333,3,car,440.3100891113281,1.3442182540893555,728.4026489257812,52.89540100097656,0.8776440024375916
38,6.333333333333333,5,person,1227.700927734375,1.3099290132522583,1280.0,128.63050842285156,0.8596435189247131
38,6.333333333333333,18,person,1174.604248046875,0.7496657371520996,1233.7186279296875,117.75191497802734,0.8361033201217651
38,6.333333333333333,25,car,0.6346361041069031,2.612780809402466,200.341552734375,125.38429260253906,0.9076389670372009
39,6.5,1,car,1.7557690143585205,147.4277801513672,520.7587280273438,500.7457275390625,0.9185227155685425
39,6.5,2,person,442.937255859375,108.94287872314453,586.4655151367188,469.456787109375,0.8907926678657532
39,6.5,3,car,465.1070556640625,1.2528482675552368,743.8491821289062,48.65673828125,0.860562264919281
39,6.5,5,person,1229.9998779296875,1.7527437210083008,1280.0,133.76881408691406,0.8671747446060181
39,6.5,18,person,1181.31298828125,1.1874605417251587,1236.5037841796875,120.35775756835938,0.8167718648910522
39,6.5,25,car,1.5583686828613281,3.041504144668579,216.0148162841797,123.70610046386719,0.8962867856025696
40,6.666666666666667,1,car,1.9063276052474976,146.71559143066406,528.326416015625,499.9819641113281,0.9157029390335083
40,6.666666666666667,2,person,484.46600341796875,104.6720962524414,638.6022338867188,479.8176574707031,0.9297862648963928
40,6.666666666666667,3,car,490.5738830566406,1.422508955001831,761.00048828125,44.00419235229492,0.848771333694458
40,6.666666666666667,5,person,1220.531982421875,2.024005651473999,1280.0,136.10423278808594,0.8656765222549438
40,6.666666666666667,18,person,1188.1064453125,1.7049190998077393,1235.1080322265625,124.05791473388672,0.7129583358764648
40,6.666666666666667,25,car,2.5959410667419434,4.626684665679932,231.9356689453125,127.93785095214844,0.8911210298538208
41,6.833333333333333,1,car,2.918471336364746,145.06759643554688,560.3162231445312,495.7391662597656,0.9440401792526245
41,6.833333333333333,2,person,522.34814453125,107.43165588378906,667.7901000976562,489.97100830078125,0.9228788614273071
41,6.833333333333333,3,car,516.8525390625,1.3813740015029907,777.9298706054688,39.27978515625,0.8485251665115356
41,6.833333333333333,5,person,1219.591552734375,2.3396894931793213,1280.0,141.3101348876953,0.873275876045227
41,6.833333333333333,18,person,1191.4351806640625,2.24910044670105,1239.474609375,127.74740600585938,0.6837470531463623
41,6.833333333333333,25,car,3.4800243377685547,3.555762529373169,248.4807586669922,136.84976196289062,0.9234064221382141
42,7.0,1,car,1.1916558742523193,144.73097229003906,571.3399658203125,494.9688415527344,0.9427219033241272
42,7.0,2,person,535.2763061523438,108.52501678466797,677.7333374023438,494.50677490234375,0.9234048128128052
42,7.0,3,car,524.3970336914062,1.046213150024414,783.0575561523438,37.552425384521484,0.8492674827575684
42,7.0,5,person,1219.2791748046875,1.5220445394515991,1280.0,142.552734375,0.875982940196991
42,7.0,18,person,1192.64208984375,1.5348292589187622,1241.42236328125,128.41934204101562,0.6930049061775208
42,7.0,25,car,1.3767369985580444,3.139038562774658,253.16908264160156,140.3255615234375,0.9230210185050964
43,7.166666666666667,1,car,4.00816535949707,142.79733276367188,583.048095703125,492.079833984375,0.949618935585022
43,7.166666666666667,2,person,592.2673950195312,107.50634765625,721.1004028320312,495.90118408203125,0.9266373515129089
43,7.166666666666667,3,car,545.732666015625,1.2632477283477783,796.6187133789062,34.656925201416016,0.8262568116188049
43,7.166666666666667,5,person,1219.2642822265625,3.1194803714752197,1280.0,146.81063842773438,0.8847858905792236
43,7.166666666666667,18,person,1198.89306640625,2.797374963760376,1240.570556640625,130.60548400878906,0.5195086002349854
43,7.166666666666667,25,car,4.686689853668213,3.0429670810699463,267.83612060546875,140.02810668945312,0.9331008195877075
44,7.333333333333333,1,car,1.722917079925537,141.56732177734375,589.0477905273438,486.967529296875,0.9535641670227051
44,7.333333333333333,2,person,613.0819091796875,112.79315185546875,799.3421020507812,500.0097961425781,0.9451769590377808
44,7.333333333333333,3,car,568.0802612304688,0.6527097225189209,810.1915283203125,29.58385467529297,0.7812538146972656
44,7.333333333333333,5,person,1217.2847900390625,1.515573501586914,1280.0,147.04270935058594,0.8917627334594727
44,7.333333333333333,25,car,2.0024163722991943,2.2030723094940186,280.91668701171875,138.09425354003906,0.9196877479553223
45,7.5,1,car,0.5434617400169373,140.82557678222656,595.5400390625,481.40533447265625,0.9561889171600342
45,7.5,2,person,651.9890747070312,116.9271011352539,832.0324096679688,503.83184814453125,0.9427276253700256
45,7.5,3,car,599.10693359375,0.264761358499527,822.3128051757812,25.444753646850586,0.4576948285102844
45,7.5,5,person,1210.8427734375,1.0906366109848022,1280.0,151.6053924560547,0.9169761538505554
45,7.5,25,car,0.8642613887786865,2.0146965980529785,296.1746520996094,135.261474609375,0.9375385046005249
46,7.666666666666667,1,car,0.11727165430784225,138.578125,602.4048461914062,474.2839050292969,0.9609047174453735
46,7.666666666666667,2,person,730.9271850585938,117.88690948486328,870.0857543945312,515.892578125,0.8972769379615784
46,7.666666666666667,3,car,627.890625,0.1981692612171173,796.533935546875,21.235380172729492,0.6118745803833008
46,7.666666666666667,5,person,1201.7279052734375,1.0509960651397705,1279.998291015625,154.28956604003906,0.9325626492500305
46,7.666666666666667,25,car,0.5974039435386658,1.0528932809829712,313.73052978515625,130.6429901123047,0.9389759302139282
47,7.833333333333333,1,car,10.855205535888672,132.36598205566406,613.96533203125,460.6387939453125,0.9563305974006653
47,7.833333333333333,2,person,766.9072265625,125.2258529663086,958.547119140625,522.1503295898438,0.9358342885971069
47,7.833333333333333,3,car,657.8050537109375,0.30490002036094666,801.3246459960938,17.12338638305664,0.39285728335380554
47,7.833333333333333,5,person,1195.6229248046875,1.8226851224899292,1277.6962890625,157.7071990966797,0.9222869873046875
47,7.833333333333333,25,car,12.445587158203125,0.0,340.6020202636719,125.47467041015625,0.9403333067893982
48,8.0,1,car,2.853525400161743,131.6052703857422,613.370849609375,460.41241455078125,0.9561253786087036
48,8.0,2,person,777.6651000976562,128.76443481445312,985.8250732421875,529.89306640625,0.9359064102172852
48,8.0,3,car,661.7366333007812,0.0,800.31298828125,15.91274642944336,0.3917994499206543
48,8.0,5,person,1194.677001953125,0.946357250213623,1279.369384765625,159.50927734375,0.9235630035400391
48,8.0,25,car,4.212883949279785,0.0,342.1219177246094,124.69593811035156,0.9407126903533936
49,8.166666666666666,1,car,0.9191205501556396,127.3459243774414,619.7923583984375,453.3330383300781,0.9636627435684204
49,8.166666666666666,2,person,828.5919799804688,128.99818420410156,1001.3642578125,535.9689331054688,0.9268010854721069
49,8.166666666666666,5,person,1192.7930908203125,0.8494554758071899,1279.0946044921875,164.1055145263672,0.9241588115692139
49,8.166666666666666,25,car,1.0575320720672607,0.0,356.10333251953125,121.9963607788086,0.9380654692649841
50,8.333333333333334,1,car,9.218070030212402,122.37722778320312,629.677978515625,444.5416564941406,0.9639357924461365
50,8.333333333333334,2,person,895.89404296875,128.80433654785156,1059.0247802734375,539.0648803710938,0.941070556640625
50,8.333333333333334,5,person,1190.90771484375,0.7270547151565552,1277.716796875,165.9105987548828,0.9050288200378418
50,8.333333333333334,25,car,0.0,0.0,374.5440368652344,118.18253326416016,0.9414021968841553
51,8.5,1,car,49.778804779052734,114.61315155029297,646.4024658203125,426.8825378417969,0.9560507535934448
51,8.5,2,person,924.5042724609375,133.2198944091797,1139.7154541015625,539.87841796875,0.948161780834198
51,8.5,5,person,1179.05078125,0.0,1271.77392578125,166.89883422851562,0.9026699066162109
51,8.5,25,car,11.975635528564453,0.0,403.89532470703125,112.74787902832031,0.9435398578643799
51,8.5,30,person,1239.59912109375,0.5835556983947754,1278.71875,129.56402587890625,0.6566993594169617
52,8.666666666666666,1,car,91.61882781982422,107.48040008544922,660.6702880859375,409.8234558105469,0.9615398049354553
52,8.666666666666666,2,person,1002.3291625976562,131.52743530273438,1179.6995849609375,539.6588745117188,0.9081012606620789
52,8.666666666666666,5,person,1169.905517578125,0.0,1262.5487060546875,168.2802276611328,0.917194128036499
52,8.666666666666666,25,car,39.40142822265625,0.3318735659122467,428.21746826171875,106.27632141113281,0.9389233589172363
52,8.666666666666666,30,person,1244.07421875,0.0,1278.872314453125,122.85724639892578,0.6034331917762756
53,8.833333333333334,1,car,132.70449829101562,99.90573120117188,673.3970947265625,394.6938171386719,0.9566062092781067
53,8.833333333333334,2,person,1066.9791259765625,135.35568237304688,1255.8726806640625,556.6217041015625,0.9438369870185852
53,8.833333333333334,5,person,1157.892822265625,0.0,1249.68115234375,150.76806640625,0.8951604962348938
53,8.833333333333334,25,car,75.2279281616211,1.0152229070663452,452.3045959472656,99.64979553222656,0.940277636051178
53,8.833333333333334,30,person,1244.4996337890625,0.9052250981330872,1277.321044921875,128.91192626953125,0.7276496291160583
54,9.0,1,car,132.71163940429688,98.58817291259766,671.9127807617188,396.3236999511719,0.9566062092781067
54,9.0,2,person,1090.0968017578125,139.6795196533203,1280.0,573.1530151367188,0.9437270760536194
54,9.0,5,person,1156.451171875,0.2778684198856354,1248.9586181640625,147.6258544921875,0.8900080323219299
54,9.0,25,car,72.46701049804688,0.8914788961410522,451.2137451171875,99.0693359375,0.9403215050697327
54,9.0,30,person,1247.5670166015625,2.20900821685791,1280.0,133.30271911621094,0.719677209854126
55,9.166666666666666,1,car,172.7580108642578,91.34815979003906,688.1627197265625,379.7811279296875,0.9609546065330505
55,9.166666666666666,2,person,1120.1505126953125,142.44374084472656,1280.0,570.27734375,0.9414049386978149
55,9.166666666666666,5,person,1156.5386962890625,0.0,1245.1114501953125,169.9859619140625,0.9277864694595337
55,9.166666666666666,25,car,110.43067169189453,0.0,476.6868896484375,92.24977111816406,0.9340476393699646
55,9.166666666666666,30,person,1243.9569091796875,0.5345759987831116,1280.0,134.8931884765625,0.8304243683815002
56,9.333333333333334,1,car,215.0823211669922,82.4753646850586,704.7966918945312,365.183349609375,0.9549833536148071
56,9.333333333333334,5,person,1155.025390625,0.2447267323732376,1240.7474365234375,179.45755004882812,0.9160821437835693
56,9.333333333333334,25,car,148.86032104492188,0.0,502.42889404296875,86.13140106201172,0.931975781917572
56,9.333333333333334,30,person,1237.274169921875,2.302067995071411,1279.372314453125,137.75233459472656,0.8403702974319458
57,9.5,1,car,241.40139770507812,76.97438049316406,717.0355224609375,352.6817626953125,0.9557206630706787
57,9.5,5,person,1144.9215087890625,1.1431995630264282,1236.5887451171875,188.2436981201172,0.9231690168380737
57,9.5,25,car,171.1534881591797,0.0,518.119873046875,81.4980697631836,0.9323151111602783
57,9.5,30,person,1233.617919921875,2.7421164512634277,1280.0,145.70787048339844,0.8562672734260559
58,9.666666666666666,1,car,277.1641845703125,67.97575378417969,735.0821533203125,337.8473815917969,0.9554203748703003
58,9.666666666666666,5,person,1135.162109375,1.531473159790039,1229.75,196.72607421875,0.9303732514381409
58,9.666666666666666,25,car,205.62548828125,0.6160312294960022,543.31689453125,75.28028106689453,0.9278274774551392
58,9.666666666666666,30,person,1228.8314208984375,2.6538610458374023,1280.0,150.2569580078125,0.8924344182014465
59,9.833333333333334,1,car,315.8917541503906,59.923179626464844,757.0364379882812,322.0183410644531,0.9573535919189453
59,9.833333333333334,5,person,1126.20263671875,1.7219094038009644,1222.2996826171875,200.4278106689453,0.9262508153915405
59,9.833333333333334,25,car,243.36412048339844,0.9265891909599304,571.354248046875,69.15365600585938,0.9148580431938171
59,9.833333333333334,30,person,1224.047119140625,2.3969075679779053,1280.0,152.30563354492188,0.8846491575241089
60,10.0,1,car,329.7389221191406,56.914794921875,765.0547485351562,316.25628662109375,0.9573360085487366
60,10.0,5,person,1123.0716552734375,1.6278321743011475,1219.6468505859375,201.59996032714844,0.9257843494415283
60,10.0,25,car,257.5323486328125,0.8891263008117676,581.72021484375,67.05097198486328,0.9163724184036255
60,10.0,30,person,1222.4002685546875,2.0778584480285645,1280.0,152.725830078125,0.8846067190170288
61,10.166666666666666,1,car,359.3254089355469,50.082855224609375,781.5082397460938,302.87982177734375,0.9528932571411133
61,10.166666666666666,5,person,1122.442138671875,1.8057928085327148,1214.55078125,206.12841796875,0.9249979257583618
61,10.166666666666666,25,car,287.5550537109375,1.1729662418365479,603.5230712890625,61.183143615722656,0.9082127213478088
61,10.166666666666666,30,person,1216.45751953125,2.0601093769073486,1280.0,156.67576599121094,0.8977366089820862
62,10.333333333333334,1,car,393.8636474609375,42.79158401489258,803.1317138671875,289.542724609375,0.9468103647232056
62,10.333333333333334,5,person,1118.0543212890625,1.5914814472198486,1205.9642333984375,211.23329162597656,0.9274706840515137
62,10.333333333333334,25,car,324.1003112792969,1.3593573570251465,630.6134643554688,54.2998046875,0.8915098905563354
62,10.333333333333334,30,person,1206.46875,1.919142246246338,1278.2703857421875,158.5928955078125,0.8298349976539612
63,10.5,1,car,429.3354187011719,34.23063278198242,827.349365234375,275.4275817871094,0.9567680358886719
63,10.5,5,person,1110.8172607421875,1.3041300773620605,1198.6624755859375,213.36065673828125,0.926882803440094
63,10.5,25,car,362.9899597167969,1.4198380708694458,655.23583984375,46.71187210083008,0.8657935857772827
63,10.5,30,person,1196.365966796875,1.5469757318496704,1275.7257080078125,162.3544158935547,0.8860554099082947
63,10.5,33,person,1256.805908203125,79.72090148925781,1279.575927734375,224.3582305908203,0.7068654894828796
64,10.666666666666666,1,car,464.48583984375,26.35313606262207,852.8374633789062,260.6528015136719,0.9505265951156616
64,10.666666666666666,5,person,1093.3199462890625,1.3836137056350708,1191.302490234375,218.81211853027344,0.9191538691520691
64,10.666666666666666,25,car,401.9092102050781,1.2324368953704834,684.5160522460938,39.233341217041016,0.8448324203491211
64,10.666666666666666,30,person,1186.150634765625,1.3083699941635132,1268.8271484375,166.42202758789062,0.8356584906578064
64,10.666666666666666,33,person,1246.1728515625,52.73982620239258,1279.459716796875,226.2903289794922,0.7867105007171631
65,10.833333333333334,1,car,499.3771667480469,18.497417449951172,878.907958984375,246.21263122558594,0.9485723972320557
65,10.833333333333334,5,person,1082.7000732421875,1.2394487857818604,1185.9263916015625,223.95864868164062,0.9211208820343018
65,10.833333333333334,25,car,441.28662109375,0.31723374128341675,713.4879150390625,32.68639373779297,0.8235149383544922
65,10.833333333333334,30,person,1174.552734375,1.1281617879867554,1261.896240234375,168.02976989746094,0.8859515190124512
65,10.833333333333334,33,person,1233.4989013671875,46.658660888671875,1279.54638671875,232.9039764404297,0.8907229900360107
66,11.0,1,car,511.12249755859375,15.825736999511719,887.7692260742188,241.27809143066406,0.9484678506851196
66,11.0,5,person,1078.664794921875,1.1048810482025146,1183.98486328125,225.72837829589844,0.9210214614868164
66,11.0,25,car,454.7948913574219,0.045617058873176575,723.3125610351562,31.158899307250977,0.8229300379753113
66,11.0,30,person,1169.9693603515625,0.9632868766784668,1259.1285400390625,168.3907470703125,0.8859001398086548
66,11.0,33,person,1227.730224609375,45.313385009765625,1279.6890869140625,235.44479370117188,0.8908999562263489
66,11.0,34,person,0.0212151650339365,44.76438903808594,14.610289573669434,167.53244018554688,0.34074923396110535
67,11.166666666666666,1,car,536.9679565429688,11.819968223571777,907.2653198242188,231.68539428710938,0.9482969045639038
67,11.166666666666666,5,person,1078.545654296875,1.7106781005859375,1179.297119140625,228.0288543701172,0.9196184873580933
67,11.166666666666666,25,car,483.8638000488281,0.5620444416999817,741.423095703125,26.775270462036133,0.7479447722434998
67,11.166666666666666,30,person,1156.3720703125,1.4291949272155762,1249.5302734375,170.38571166992188,0.8641143441200256
67,11.166666666666666,33,person,1220.18408203125,47.48550033569336,1278.1907958984375,238.86978149414062,0.8932645320892334
68,11.333333333333334,1,car,567.963134765625,5.758468151092529,933.0298461914062,220.30795288085938,0.9520924687385559
68,11.333333333333334,5,person,1078.9815673828125,1.4552974700927734,1174.11328125,235.4700927734375,0.911896288394928
68,11.333333333333334,25,car,520.244140625,0.1889905035495758,704.547607421875,21.680763244628906,0.48516935110092163
68,11.333333333333334,30,person,1151.3502197265625,1.32472562789917,1238.385498046875,173.7227783203125,0.8591771721839905
68,11.333333333333334,33,person,1207.5308837890625,50.727691650390625,1279.0892333984375,242.14306640625,0.8754982948303223
68,11.333333333333334,35,person,0.19710199534893036,4.653668403625488,53.13420104980469,173.89410400390625,0.909620463848114
69,11.5,1,car,600.83935546875,0.9392141699790955,960.0542602539062,207.7954559326172,0.9499926567077637
69,11.5,5,person,1080.7215576171875,1.1158279180526733,1179.0601806640625,238.67636108398438,0.9203680157661438
69,11.5,25,car,553.7450561523438,0.0,711.1903076171875,17.49235725402832,0.33467987179756165
69,11.5,30,person,1148.087890625,0.847301721572876,1227.913818359375,177.58619689941406,0.8571420907974243
69,11.5,33,person,1194.2896728515625,57.34455108642578,1269.9169921875,247.1984100341797,0.8934845924377441
69,11.5,35,person,0.2908807396888733,2.4048285484313965,85.25410461425781,178.8251953125,0.9205405712127686
70,11.666666666666666,1,car,634.0283203125,0.0,987.21826171875,195.8634796142578,0.9529376029968262
70,11.666666666666666,5,person,1071.52197265625,1.1489646434783936,1176.9815673828125,244.21835327148438,0.9215071797370911
70,11.666666666666666,30,person,1149.1300048828125,1.1430957317352295,1218.64404296875,183.1892547607422,0.7648511528968811
70,11.666666666666666,33,person,1183.5634765625,58.93667984008789,1256.6893310546875,249.64544677734375,0.869066059589386
70,11.666666666666666,35,person,0.653864860534668,1.580915927886963,108.38973999023438,187.60043334960938,0.9185786247253418
70,11.666666666666666,37,person,1263.018798828125,44.388023376464844,1279.48193359375,225.6991424560547,0.6764551401138306
71,11.833333333333334,1,car,667.3706665039062,0.33982059359550476,1013.770751953125,185.60707092285156,0.9537453651428223
71,11.833333333333334,5,person,1064.869873046875,2.2468695640563965,1176.39794921875,250.60740661621094,0.9126380085945129
71,11.833333333333334,30,person,1146.28466796875,2.563598155975342,1213.0037841796875,186.6448211669922,0.6599916219711304
71,11.833333333333334,33,person,1165.0101318359375,64.2243881225586,1250.0465087890625,257.0768737792969,0.8788488507270813
71,11.833333333333334,35,person,13.977450370788574,2.3984670639038086,123.24217987060547,190.6896209716797,0.9067085385322571
71,11.833333333333334,37,person,1245.37158203125,45.71677017211914,1279.0487060546875,233.60206604003906,0.8294861912727356
72,12.0,1,car,678.5343627929688,0.11267586052417755,1023.2633056640625,181.83485412597656,0.9537599682807922
72,12.0,5,person,1062.9989013671875,1.6597082614898682,1177.0426025390625,252.2880401611328,0.9128331542015076
72,12.0,30,person,1145.822265625,2.066408395767212,1211.8878173828125,187.03501892089844,0.6609885096549988
72,12.0,33,person,1159.15576171875,65.34363555908203,1248.4864501953125,259.0546569824219,0.8818843364715576
72,12.0,35,person,19.455055236816406,2.3733468055725098,128.26397705078125,191.32424926757812,0.9032475352287292
72,12.0,37,person,1239.516845703125,44.49626541137695,1279.8616943359375,235.8538055419922,0.8331056833267212
72,12.0,38,person,1146.361572265625,0.8073875904083252,1192.2952880859375,60.52750015258789,0.30096372961997986
73,12.166666666666666,1,car,703.415283203125,0.035653334110975266,1043.500244140625,172.49156188964844,0.947598397731781
73,12.166666666666666,5,person,1067.5655517578125,1.8159493207931519,1174.442626953125,253.17140197753906,0.9057058691978455
73,12.166666666666666,30,person,1160.6090087890625,3.71223783493042,1209.2633056640625,148.437255859375,0.6063145399093628
73,12.166666666666666,33,person,1160.011962890625,66.30823516845703,1244.1138916015625,261.90594482421875,0.9036020636558533
73,12.166666666666666,35,person,38.136512756347656,2.164099931716919,153.3594970703125,191.76039123535156,0.9099322557449341
73,12.166666666666666,37,person,1234.7708740234375,44.0551872253418,1279.6531982421875,237.1245880126953,0.8719270825386047
73,12.166666666666666,38,person,1142.873779296875,1.000557541847229,1188.788818359375,60.69893264770508,0.5292323231697083
74,12.333333333333334,1,car,733.46142578125,0.0,1067.4168701171875,162.5238494873047,0.9510685205459595
74,12.333333333333334,5,person,1076.707763671875,4.494913101196289,1177.084228515625,259.9192810058594,0.9035195708274841
74,12.333333333333334,30,person,1166.13232421875,8.789315223693848,1202.42431640625,119.9439697265625,0.617255449295044
74,12.333333333333334,33,person,1162.4595947265625,69.57774353027344,1242.9810791015625,264.8265686035156,0.8898049592971802
74,12.333333333333334,34,person,0.09104721993207932,62.31980895996094,25.155269622802734,193.75425720214844,0.7072185277938843
74,12.333333333333334,35,person,58.178340911865234,3.243870735168457,163.71432495117188,190.029052734375,0.8869855999946594
74,12.333333333333334,37,person,1223.0184326171875,46.06992721557617,1279.869384765625,240.3321075439453,0.8734185695648193
74,12.333333333333334,38,person,1138.1107177734375,1.1173292398452759,1183.1710205078125,56.95950698852539,0.5756955742835999
75,12.5,1,car,765.238525390625,0.0,1091.1927490234375,153.63414001464844,0.943274736404419
75,12.5,5,person,1085.1053466796875,7.161566734313965,1178.4229736328125,265.6880798339844,0.9076268076896667
75,12.5,33,person,1166.19677734375,75.07898712158203,1237.4334716796875,272.4517822265625,0.8171097636222839
75,12.5,34,person,0.0,22.216278076171875,43.803157806396484,199.2008056640625,0.8744797706604004
75,12.5,35,person,84.03604125976562,2.343733549118042,189.59901428222656,184.9151611328125,0.9083157777786255
75,12.5,37,person,1217.9378662109375,45.91556167602539,1279.9852294921875,245.241455078125,0.8385612368583679
76,12.666666666666666,1,car,797.142822265625,0.0,1113.4871826171875,143.9451904296875,0.9423824548721313
76,12.666666666666666,5,person,1090.3134765625,8.5879545211792,1186.265869140625,267.46246337890625,0.9131370186805725
76,12.666666666666666,33,person,1169.2896728515625,78.32711791992188,1237.8018798828125,274.9835510253906,0.8559032678604126
76,12.666666666666666,34,person,0.0,9.679247856140137,55.00454330444336,201.5688018798828,0.8512309789657593
76,12.666666666666666,35,person,104.02384948730469,1.8575568199157715,217.36277770996094,185.83877563476562,0.9048055410385132
76,12.666666666666666,37,person,1222.5738525390625,47.6672248840332,1279.9698486328125,246.51821899414062,0.8129215836524963
77,12.833333333333334,1,car,828.577392578125,0.0,1133.92236328125,134.91873168945312,0.9369216561317444
77,12.833333333333334,5,person,1081.9664306640625,13.070897102355957,1194.0653076171875,276.84197998046875,0.9177231192588806
77,12.833333333333334,33,person,1173.9691162109375,84.78417205810547,1252.9385986328125,282.81646728515625,0.8570436835289001
77,12.833333333333334,34,person,0.0,3.4114840030670166,68.51473236083984,203.3019256591797,0.8893925547599792
77,12.833333333333334,35,person,117.14387512207031,1.1172858476638794,233.41444396972656,193.6305389404297,0.8832864165306091
77,12.833333333333334,37,person,1226.3682861328125,51.67442321777344,1280.0,217.0895233154297,0.3870558440685272
78,13.0,1,car,838.7603149414062,0.0,1140.035888671875,131.91355895996094,0.9367591738700867
78,13.0,5,person,1078.8785400390625,14.572416305541992,1196.7764892578125,280.1397705078125,0.9185835719108582
78,13.0,33,person,1175.5897216796875,87.24674987792969,1258.3875732421875,285.6735534667969,0.8590782880783081
78,13.0,34,person,0.0,0.9861490726470947,75.28150177001953,203.9716033935547,0.8943624496459961
78,13.0,35,person,121.94807434082031,0.8858088850975037,239.1260223388672,196.60533142089844,0.8862668871879578
78,13.0,37,person,1228.3177490234375,53.9085807800293,1280.0,205.9686737060547,0.3440239727497101
78,13.0,41,person,1244.188720703125,4.273813724517822,1279.662109375,201.23939514160156,0.5038096308708191
78,13.0,42,person,1167.037109375,17.56739616394043,1190.6121826171875,58.62437057495117,0.3846455216407776
79,13.166666666666666,1,car,862.0923461914062,0.2224215418100357,1134.5843505859375,126.10160827636719,0.8914920687675476
79,13.166666666666666,5,person,1086.872314453125,16.878253936767578,1201.4722900390625,284.1558532714844,0.9140512943267822
79,13.166666666666666,33,person,1196.1976318359375,87.89494323730469,1272.641845703125,287.39569091796875,0.8714697957038879
79,13.166666666666666,34,person,2.3385069370269775,0.4871228039264679,104.02548217773438,210.8936004638672,0.9076634049415588
79,13.166666666666666,35,person,135.11619567871094,3.7244701385498047,243.7894744873047,198.1544189453125,0.8716305494308472
79,13.166666666666666,37,person,1214.095458984375,56.10576629638672,1274.8677978515625,227.0426025390625,0.41416290402412415
80,13.333333333333334,1,car,887.8720703125,1.162723183631897,1125.968017578125,118.96560668945312,0.7969834804534912
80,13.333333333333334,5,person,1103.77734375,19.45751190185547,1209.848388671875,285.5973205566406,0.8952801823616028
80,13.333333333333334,34,person,32.264808654785156,0.3904247283935547,119.65100860595703,217.35501098632812,0.8673614263534546
80,13.333333333333334,35,person,146.5546875,4.070509433746338,254.25,202.48812866210938,0.8689637184143066
80,13.333333333333334,37,person,1207.965087890625,58.2322998046875,1277.329345703125,260.8460693359375,0.7836121320724487
81,13.5,1,car,914.88916015625,2.914574384689331,1105.81591796875,107.73388671875,0.7821761965751648
81,13.5,5,person,1119.150146484375,23.431516647338867,1221.73291015625,292.76141357421875,0.8902639150619507
81,13.5,34,person,63.769039154052734,0.0,148.9075164794922,222.6181640625,0.8662384152412415
81,13.5,35,person,164.11004638671875,2.7045791149139404,278.97100830078125,211.14828491210938,0.8933122158050537
81,13.5,37,person,1211.37646484375,62.12150955200195,1278.8792724609375,269.8358459472656,0.8443533182144165
81,13.5,44,person,1080.94189453125,0.778893768787384,1151.0921630859375,218.55152893066406,0.787117600440979
82,13.666666666666666,1,car,941.3329467773438,1.6064294576644897,1094.0489501953125,97.74808502197266,0.7413263916969299
82,13.666666666666666,5,person,1137.9794921875,24.197017669677734,1241.2745361328125,298.3210144042969,0.8954585194587708
82,13.666666666666666,34,person,84.63390350341797,7.2690324783325195,190.26345825195312,236.5999298095703,0.8765458464622498
82,13.666666666666666,35,person,178.71209716796875,1.1173632144927979,300.7516174316406,224.37701416015625,0.8940994143486023
82,13.666666666666666,37,person,1218.8934326171875,64.13023376464844,1279.6107177734375,273.3791198730469,0.8629158139228821
82,13.666666666666666,44,person,1076.9593505859375,1.1455166339874268,1145.3236083984375,221.3653106689453,0.7762000560760498
83,13.833333333333334,1,car,966.0829467773438,0.9731497764587402,1111.5595703125,89.76510620117188,0.3814227283000946
83,13.833333333333334,5,person,1148.742431640625,21.95655632019043,1260.8485107421875,306.6510314941406,0.9084843993186951
83,13.833333333333334,34,person,108.13521575927734,16.689611434936523,209.91647338867188,246.53515625,0.9019033908843994
83,13.833333333333334,35,person,213.2216339111328,1.0008758306503296,332.951416015625,228.77877807617188,0.9052430987358093
83,13.833333333333334,37,person,1222.0157470703125,76.49463653564453,1279.6636962890625,274.3812561035156,0.7747853398323059
83,13.833333333333334,44,person,1058.2750244140625,3.4834232330322266,1145.99853515625,228.2664794921875,0.730742871761322
84,14.0,1,car,971.5487670898438,0.23053447902202606,1203.860595703125,88.9240493774414,0.6547410488128662
84,14.0,5,person,1152.6981201171875,20.866741180419922,1268.5704345703125,309.6434631347656,0.9079316258430481
84,14.0,34,person,118.46427917480469,20.499813079833984,218.23744201660156,250.3179931640625,0.9023339748382568
84,14.0,35,person,226.6835174560547,0.8922023773193359,345.41693115234375,230.44598388671875,0.9045029282569885
84,14.0,37,person,1223.3856201171875,81.13555908203125,1279.7579345703125,274.3343505859375,0.7769050598144531
84,14.0,44,person,1052.5509033203125,4.282405376434326,1143.98046875,230.05638122558594,0.7261321544647217
85,14.166666666666666,1,car,987.6314086914062,0.45812293887138367,1238.119384765625,83.8699722290039,0.8712969422340393
85,14.166666666666666,5,person,1157.8870849609375,26.365541458129883,1277.1031494140625,313.964599609375,0.91851407289505
85,14.166666666666666,34,person,138.6019744873047,24.267728805541992,235.5504608154297,256.3945617675781,0.8993120193481445
85,14.166666666666666,35,person,246.28387451171875,1.272316336631775,357.6352233886719,242.00613403320312,0.8969451785087585
85,14.166666666666666,44,person,1049.648193359375,3.521062135696411,1149.8984375,233.18539428710938,0.7402725219726562
86,14.333333333333334,1,car,1006.8179931640625,0.5251078605651855,1257.9610595703125,77.26659393310547,0.5701713562011719
86,14.333333333333334,33,person,1204.55419921875,37.20792007446289,1279.48681640625,315.2143859863281,0.9050688743591309
86,14.333333333333334,34,person,158.97802734375,30.53636360168457,263.5907287597656,264.0040588378906,0.9047450423240662
86,14.333333333333334,35,person,273.7014465332031,0.9021596312522888,377.60150146484375,246.44259643554688,0.9108008742332458
86,14.333333333333334,37,person,1204.0418701171875,38.9344596862793,1267.580078125,234.35836791992188,0.5488631129264832
86,14.333333333333334,44,person,1040.4837646484375,4.839084625244141,1138.181396484375,238.3619384765625,0.7511239647865295
87,14.5,1,car,1025.116455078125,0.7098029255867004,1272.4000244140625,70.9171142578125,0.7033453583717346
87,14.5,33,person,1220.0538330078125,43.17713928222656,1279.8262939453125,316.7606506347656,0.8570067286491394
87,14.5,34,person,206.89907836914062,31.945125579833984,293.44384765625,267.072265625,0.8707239627838135
87,14.5,35,person,299.8724670410156,1.1658244132995605,401.52398681640625,249.86651611328125,0.9049826264381409
87,14.5,37,person,1195.9796142578125,30.525039672851562,1268.9942626953125,239.48008728027344,0.840173065662384
87,14.5,44,person,1027.69140625,8.169480323791504,1139.83447265625,243.2179718017578,0.7266928553581238
88,14.666666666666666,1,car,1041.4649658203125,0.6574470400810242,1279.884765625,64.42402648925781,0.44306331872940063
88,14.666666666666666,33,person,1233.9666748046875,110.82726287841797,1279.729736328125,317.37982177734375,0.671795666217804
88,14.666666666666666,34,person,231.5869598388672,38.82222366333008,345.9115905761719,272.8233642578125,0.9143785238265991
88,14.666666666666666,35,person,325.119384765625,3.7708170413970947,417.78961181640625,257.00799560546875,0.8876903653144836
88,14.666666666666666,37,person,1191.69091796875,31.548145294189453,1274.5765380859375,244.1840057373047,0.9078208804130554
88,14.666666666666666,44,person,1024.75390625,14.36740779876709,1122.9072265625,244.61593627929688,0.6131500601768494
89,14.833333333333334,34,person,270.4805908203125,41.220706939697266,367.219482421875,276.2944641113281,0.9010089039802551
89,14.833333333333334,35,person,354.10772705078125,5.499146938323975,444.2710876464844,259.3971862792969,0.87861567735672
89,14.833333333333334,37,person,1197.402099609375,29.389293670654297,1277.2373046875,246.97119140625,0.9154159426689148
89,14.833333333333334,44,person,1029.2276611328125,21.34580421447754,1114.923583984375,249.86582946777344,0.7696517109870911
90,15.0,34,person,287.5426025390625,42.041099548339844,375.1029968261719,277.4181823730469,0.9007630348205566
90,15.0,35,person,363.61151123046875,6.118257522583008,453.0023498535156,260.1124267578125,0.879226803779602
90,15.0,37,person,1200.1500244140625,28.53492546081543,1278.5863037109375,247.98468017578125,0.915099561214447
90,15.0,44,person,1031.382080078125,23.802932739257812,1112.1826171875,251.65097045898438,0.7764212489128113
90,15.0,54,car,0.10197187960147858,37.289100646972656,41.59483337402344,137.47027587890625,0.8575324416160583
90,15.0,55,person,1089.100830078125,34.61935806274414,1130.0611572265625,144.2064666748047,0.44467270374298096
91,15.166666666666666,34,person,300.46356201171875,46.18700408935547,408.969482421875,285.7970886230469,0.9117461442947388
91,15.166666666666666,35,person,386.5888977050781,9.681302070617676,480.4615173339844,265.67657470703125,0.9053290486335754
91,15.166666666666666,37,person,1201.0716552734375,32.251258850097656,1278.89404296875,251.60293579101562,0.9211789965629578
91,15.166666666666666,44,person,1036.9322509765625,25.226192474365234,1128.4027099609375,256.35284423828125,0.8512371182441711
91,15.166666666666666,54,car,0.224697083234787,27.585689544677734,75.03308868408203,134.4407196044922,0.8662778735160828
92,15.333333333333334,34,person,326.61993408203125,53.354270935058594,433.71417236328125,291.9817199707031,0.9043741226196289
92,15.333333333333334,35,person,413.9793395996094,13.078115463256836,513.250732421875,272.0142822265625,0.8833028674125671
92,15.333333333333334,37,person,1200.4425048828125,37.54386520385742,1279.1578369140625,258.9480895996094,0.9179352521896362
92,15.333333333333334,44,person,1045.5078125,22.413898468017578,1127.6932373046875,259.357666015625,0.5167548060417175
92,15.333333333333334,54,car,0.547645092010498,15.510953903198242,110.65592193603516,129.544189453125,0.8156474232673645
93,15.5,34,person,376.22613525390625,55.992008209228516,465.79864501953125,294.9781188964844,0.8980095386505127
93,15.5,35,person,445.6943664550781,14.177109718322754,528.8993530273438,274.0187683105469,0.8869770765304565
93,15.5,37,person,1198.381591796875,38.61905288696289,1279.3863525390625,261.5115966796875,0.9180730581283569
93,15.5,44,person,1051.880859375,23.677467346191406,1134.629638671875,266.4548645019531,0.7026534676551819
93,15.5,54,car,0.5763365626335144,11.730231285095215,150.23458862304688,124.31385040283203,0.8604116439819336
94,15.666666666666666,34,person,398.388916015625,62.18882369995117,509.5813903808594,303.7087097167969,0.9258389472961426
94,15.666666666666666,35,person,459.37750244140625,19.212646484375,571.6039428710938,279.3130798339844,0.8231064081192017
94,15.666666666666666,37,person,1202.8309326171875,43.30402755737305,1279.5770263671875,268.283203125,0.9156078696250916
94,15.666666666666666,44,person,1052.3944091796875,29.579072952270508,1157.8536376953125,271.28607177734375,0.812257707118988
94,15.666666666666666,54,car,0.6566414833068848,10.422932624816895,191.5572052001953,119.58959197998047,0.9075579643249512
95,15.833333333333334,34,person,439.2164306640625,62.56422424316406,532.713623046875,306.878662109375,0.8842288255691528
95,15.833333333333334,35,person,498.040283203125,20.93619728088379,587.0208740234375,281.48663330078125,0.8384557366371155
95,15.833333333333334,37,person,1211.20458984375,45.35942840576172,1280.0,272.7193298339844,0.9136106967926025
95,15.833333333333334,44,person,1063.41650390625,33.649078369140625,1172.033447265625,276.3187561035156,0.85175621509552
95,15.833333333333334,54,car,0.48750874400138855,4.796535491943359,231.05517578125,129.93661499023438,0.8942425847053528
96,16.0,34,person,455.0816345214844,63.09418869018555,539.8394775390625,308.0449523925781,0.8834450840950012
96,16.0,35,person,512.822265625,22.018617630004883,589.8248291015625,282.2555847167969,0.8385850787162781
96,16.0,37,person,1213.541259765625,46.09770584106445,1279.8118896484375,274.03253173828125,0.9136930704116821
96,16.0,44,person,1067.4678955078125,35.173851013183594,1177.062744140625,277.85870361328125,0.8477659821510315
96,16.0,54,car,0.4930093586444855,3.6641032695770264,248.95555114746094,133.84283447265625,0.8938811421394348
97,16.166666666666668,34,person,460.9796142578125,67.83863830566406,566.4299926757812,316.88787841796875,0.9013043642044067
97,16.166666666666668,35,person,540.0931396484375,23.643856048583984,636.9532470703125,289.3400573730469,0.8798414468765259
97,16.166666666666668,37,person,1223.11962890625,46.66067886352539,1279.6630859375,275.1058654785156,0.8528317213058472
97,16.166666666666668,44,person,1070.141357421875,39.833274841308594,1183.1190185546875,285.0794372558594,0.8693394064903259
97,16.166666666666668,54,car,0.6409454345703125,5.722564697265625,278.67425537109375,131.2591552734375,0.8857890367507935
98,16.333333333333332,34,person,482.80682373046875,73.5742416381836,590.0746459960938,322.9689636230469,0.9013428688049316
98,16.333333333333332,35,person,564.146240234375,27.56159782409668,669.9834594726562,294.5313415527344,0.8801115155220032
98,16.333333333333332,37,person,1228.1348876953125,51.93133544921875,1279.756591796875,275.1887512207031,0.8710927963256836
98,16.333333333333332,44,person,1078.6705322265625,42.23000717163086,1187.0411376953125,288.4053649902344,0.770794153213501
98,16.333333333333332,54,car,0.3689374029636383,0.5903674364089966,310.9657897949219,126.69556427001953,0.9078980684280396
99,16.5,34,person,528.2047729492188,75.97325897216797,618.0521850585938,326.7630615234375,0.8790571689605713
99,16.5,35,person,594.309326171875,29.362930297851562,682.0525512695312,296.5213623046875,0.8676125407218933
99,16.5,37,person,1232.059814453125,86.75373077392578,1279.97314453125,276.10211181640625,0.8171809315681458
99,16.5,44,person,1089.4298095703125,45.509037017822266,1190.9757080078125,297.06951904296875,0.852164626121521
99,16.5,54,car,0.8085310459136963,0.0,344.5446472167969,121.67562866210938,0.9306111335754395
100,16.666666666666668,34,person,548.3870849609375,83.70325469970703,655.2901000976562,336.59698486328125,0.908049464225769
100,16.666666666666668,35,person,624.6719970703125,35.264244079589844,723.0438232421875,299.58306884765625,0.904144823551178
100,16.666666666666668,44,person,1100.5775146484375,47.74300003051758,1195.7529296875,302.4377136230469,0.8583338260650635
100,16.666666666666668,54,car,0.6334010362625122,0.0,377.5673828125,117.21279907226562,0.9046894311904907
101,16.833333333333332,34,person,586.8759155273438,85.420166015625,675.0794677734375,340.93499755859375,0.8404635787010193
101,16.833333333333332,35,person,657.779296875,40.30359649658203,739.770263671875,307.9107971191406,0.8539058566093445
101,16.833333333333332,44,person,1106.5361328125,49.38236618041992,1208.22802734375,306.1083068847656,0.889495313167572
101,16.833333333333332,54,car,20.40085792541504,0.0,408.8110046386719,112.44511413574219,0.928131639957428
101,16.833333333333332,64,car,0.1719367355108261,337.7003479003906,72.97917175292969,493.28948974609375,0.7284483313560486
